Country,ISO_Code,Date,People_in_Phase_3_plus,Unit,Indicator
Afghanistan,AFG,2017-05,762742.0,Persons,People in Phase 3 food insecurity or above
Afghanistan,AFG,2017-05,26.0,Percentage,People in Phase 3 food insecurity or above
Afghanistan,AFG,2017-09,7605812.0,Persons,People in Phase 3 food insecurity or above
Afghanistan,AFG,2017-09,27.0,Percentage,People in Phase 3 food insecurity or above
Afghanistan,AFG,2018-01,1302047.0,Persons,People in Phase 3 food insecurity or above
Afghanistan,AFG,2018-01,33.0,Percentage,People in Phase 3 food insecurity or above
Afghanistan,AFG,2018-09,9838407.0,Persons,People in Phase 3 food insecurity or above
Afghanistan,AFG,2018-09,43.0,Percentage,People in Phase 3 food insecurity or above
Afghanistan,AFG,2019-09,10232241.0,Persons,People in Phase 3 food insecurity or above
Afghanistan,AFG,2019-09,33.0,Percentage,People in Phase 3 food insecurity or above
Afghanistan,AFG,2020-04,10857425.0,Persons,People in Phase 3 food insecurity or above
Afghanistan,AFG,2020-04,35.0,Percentage,People in Phase 3 food insecurity or above
Afghanistan,AFG,2020-09,11149264.0,Persons,People in Phase 3 food insecurity or above
Afghanistan,AFG,2020-09,36.0,Percentage,People in Phase 3 food insecurity or above
Afghanistan,AFG,2021-03,10938928.0,Persons,People in Phase 3 food insecurity or above
Afghanistan,AFG,2021-03,35.0,Percentage,People in Phase 3 food insecurity or above
Afghanistan,AFG,2021-10,18844453.0,Persons,People in Phase 3 food insecurity or above
Afghanistan,AFG,2021-10,47.0,Percentage,People in Phase 3 food insecurity or above
Afghanistan,AFG,2022-03,19650163.0,Persons,People in Phase 3 food insecurity or above
Afghanistan,AFG,2022-03,47.0,Percentage,People in Phase 3 food insecurity or above
Afghanistan,AFG,2022-09,16973664.0,Persons,People in Phase 3 food insecurity or above
Afghanistan,AFG,2022-09,41.0,Percentage,People in Phase 3 food insecurity or above
Afghanistan,AFG,2023-04,17213584.0,Persons,People in Phase 3 food insecurity or above
Afghanistan,AFG,2023-04,40.0,Percentage,People in Phase 3 food insecurity or above
Afghanistan,AFG,2023-10,13058639.0,Persons,People in Phase 3 food insecurity or above
Afghanistan,AFG,2023-10,29.0,Percentage,People in Phase 3 food insecurity or above
Afghanistan,AFG,2024-03,14208000.0,Persons,People in Phase 3 food insecurity or above
Afghanistan,AFG,2024-03,32.0,Percentage,People in Phase 3 food insecurity or above
Afghanistan,AFG,2024-10,11610606.0,Persons,People in Phase 3 food insecurity or above
Afghanistan,AFG,2024-10,25.0,Percentage,People in Phase 3 food insecurity or above
Afghanistan,AFG,2025-03,12590286.0,Persons,People in Phase 3 food insecurity or above
Afghanistan,AFG,2025-03,27.0,Percentage,People in Phase 3 food insecurity or above
Afghanistan,AFG,2025-10,27551270.0,Persons,People in Phase 3 food insecurity or above
Afghanistan,AFG,2025-10,56.99999999999999,Percentage,People in Phase 3 food insecurity or above
Angola,AGO,2019-08,421167.0,Persons,People in Phase 3 food insecurity or above
Angola,AGO,2019-08,47.0,Percentage,People in Phase 3 food insecurity or above
Angola,AGO,2021-06,1315532.0,Persons,People in Phase 3 food insecurity or above
Angola,AGO,2021-06,49.0,Percentage,People in Phase 3 food insecurity or above
Bangladesh,BGD,2023-03,8906604.0,Persons,People in Phase 3 food insecurity or above
Bangladesh,BGD,2023-03,24.0,Percentage,People in Phase 3 food insecurity or above
Bangladesh,BGD,2024-02,14581885.0,Persons,People in Phase 3 food insecurity or above
Bangladesh,BGD,2024-02,20.0,Percentage,People in Phase 3 food insecurity or above
Bangladesh,BGD,2025-04,15463347.0,Persons,People in Phase 3 food insecurity or above
Bangladesh,BGD,2025-04,16.0,Percentage,People in Phase 3 food insecurity or above
Benin,BEN,2020-10,384655.0,Persons,People in Phase 3 food insecurity or above
Benin,BEN,2020-10,4.0,Percentage,People in Phase 3 food insecurity or above
Benin,BEN,2021-11,6154.0,Persons,People in Phase 3 food insecurity or above
Benin,BEN,2022-03,1225957.0,Persons,People in Phase 3 food insecurity or above
Benin,BEN,2022-03,9.0,Percentage,People in Phase 3 food insecurity or above
Benin,BEN,2022-10,181584.0,Persons,People in Phase 3 food insecurity or above
Benin,BEN,2022-10,2.0,Percentage,People in Phase 3 food insecurity or above
Benin,BEN,2023-03,547422.0,Persons,People in Phase 3 food insecurity or above
Benin,BEN,2023-03,4.0,Percentage,People in Phase 3 food insecurity or above
Benin,BEN,2023-11,255818.0,Persons,People in Phase 3 food insecurity or above
Benin,BEN,2023-11,3.0,Percentage,People in Phase 3 food insecurity or above
Benin,BEN,2024-03,363718.0,Persons,People in Phase 3 food insecurity or above
Benin,BEN,2024-03,6.0,Percentage,People in Phase 3 food insecurity or above
Benin,BEN,2024-11,583765.0,Persons,People in Phase 3 food insecurity or above
Benin,BEN,2024-11,5.0,Percentage,People in Phase 3 food insecurity or above
Benin,BEN,2025-03,410433.0,Persons,People in Phase 3 food insecurity or above
Benin,BEN,2025-03,3.0,Percentage,People in Phase 3 food insecurity or above
Burkina Faso,BFA,2020-11,2020039.0,Persons,People in Phase 3 food insecurity or above
Burkina Faso,BFA,2020-11,10.0,Percentage,People in Phase 3 food insecurity or above
Burkina Faso,BFA,2021-03,2076319.0,Persons,People in Phase 3 food insecurity or above
Burkina Faso,BFA,2021-03,10.0,Percentage,People in Phase 3 food insecurity or above
Burkina Faso,BFA,2021-11,1645939.0,Persons,People in Phase 3 food insecurity or above
Burkina Faso,BFA,2021-11,8.0,Percentage,People in Phase 3 food insecurity or above
Burkina Faso,BFA,2022-03,2366447.0,Persons,People in Phase 3 food insecurity or above
Burkina Faso,BFA,2022-03,12.0,Percentage,People in Phase 3 food insecurity or above
Burkina Faso,BFA,2022-11,2618638.0,Persons,People in Phase 3 food insecurity or above
Burkina Faso,BFA,2022-11,12.0,Percentage,People in Phase 3 food insecurity or above
Burkina Faso,BFA,2023-03,2195758.0,Persons,People in Phase 3 food insecurity or above
Burkina Faso,BFA,2023-03,9.0,Percentage,People in Phase 3 food insecurity or above
Burkina Faso,BFA,2023-11,2278031.0,Persons,People in Phase 3 food insecurity or above
Burkina Faso,BFA,2023-11,10.0,Percentage,People in Phase 3 food insecurity or above
Burkina Faso,BFA,2024-03,1749437.0,Persons,People in Phase 3 food insecurity or above
Burkina Faso,BFA,2024-03,7.000000000000001,Percentage,People in Phase 3 food insecurity or above
Burundi,BDI,2017-03,2565868.0,Persons,People in Phase 3 food insecurity or above
Burundi,BDI,2017-03,26.0,Percentage,People in Phase 3 food insecurity or above
Burundi,BDI,2017-07,1764908.0,Persons,People in Phase 3 food insecurity or above
Burundi,BDI,2017-07,18.0,Percentage,People in Phase 3 food insecurity or above
Burundi,BDI,2018-03,1368824.0,Persons,People in Phase 3 food insecurity or above
Burundi,BDI,2018-03,13.0,Percentage,People in Phase 3 food insecurity or above
Burundi,BDI,2018-07,1399676.0,Persons,People in Phase 3 food insecurity or above
Burundi,BDI,2018-07,13.0,Percentage,People in Phase 3 food insecurity or above
Burundi,BDI,2020-05,1444440.0,Persons,People in Phase 3 food insecurity or above
Burundi,BDI,2020-05,13.0,Percentage,People in Phase 3 food insecurity or above
Burundi,BDI,2020-08,755517.0,Persons,People in Phase 3 food insecurity or above
Burundi,BDI,2020-08,6.0,Percentage,People in Phase 3 food insecurity or above
Burundi,BDI,2021-04,1613419.0,Persons,People in Phase 3 food insecurity or above
Burundi,BDI,2021-04,14.000000000000002,Percentage,People in Phase 3 food insecurity or above
Burundi,BDI,2021-09,1057992.0,Persons,People in Phase 3 food insecurity or above
Burundi,BDI,2021-09,9.0,Percentage,People in Phase 3 food insecurity or above
Burundi,BDI,2022-04,1182686.0,Persons,People in Phase 3 food insecurity or above
Burundi,BDI,2022-04,10.0,Percentage,People in Phase 3 food insecurity or above
Burundi,BDI,2022-08,1185181.0,Persons,People in Phase 3 food insecurity or above
Burundi,BDI,2022-08,10.0,Percentage,People in Phase 3 food insecurity or above
Burundi,BDI,2023-04,2322303.0,Persons,People in Phase 3 food insecurity or above
Burundi,BDI,2023-04,19.0,Percentage,People in Phase 3 food insecurity or above
Burundi,BDI,2023-09,1523197.0,Persons,People in Phase 3 food insecurity or above
Burundi,BDI,2023-09,12.0,Percentage,People in Phase 3 food insecurity or above
Burundi,BDI,2024-05,2192906.0,Persons,People in Phase 3 food insecurity or above
Burundi,BDI,2024-05,18.0,Percentage,People in Phase 3 food insecurity or above
Burundi,BDI,2024-10,1880764.0,Persons,People in Phase 3 food insecurity or above
Burundi,BDI,2024-10,15.0,Percentage,People in Phase 3 food insecurity or above
Burundi,BDI,2025-08,1174392.0,Persons,People in Phase 3 food insecurity or above
Burundi,BDI,2025-08,10.0,Percentage,People in Phase 3 food insecurity or above
Cabo Verde,CPV,2022-03,30497.0,Persons,People in Phase 3 food insecurity or above
Cabo Verde,CPV,2022-03,6.0,Percentage,People in Phase 3 food insecurity or above
Cabo Verde,CPV,2023-03,43655.0,Persons,People in Phase 3 food insecurity or above
Cabo Verde,CPV,2023-03,9.0,Percentage,People in Phase 3 food insecurity or above
Cabo Verde,CPV,2023-11,37276.0,Persons,People in Phase 3 food insecurity or above
Cabo Verde,CPV,2023-11,7.000000000000001,Percentage,People in Phase 3 food insecurity or above
Cabo Verde,CPV,2024-11,41299.0,Persons,People in Phase 3 food insecurity or above
Cabo Verde,CPV,2024-11,8.0,Percentage,People in Phase 3 food insecurity or above
Cameroon,CMR,2020-10,2688462.0,Persons,People in Phase 3 food insecurity or above
Cameroon,CMR,2020-10,10.0,Percentage,People in Phase 3 food insecurity or above
Cameroon,CMR,2021-03,2625472.0,Persons,People in Phase 3 food insecurity or above
Cameroon,CMR,2021-03,10.0,Percentage,People in Phase 3 food insecurity or above
Cameroon,CMR,2021-10,2430110.0,Persons,People in Phase 3 food insecurity or above
Cameroon,CMR,2021-10,10.0,Percentage,People in Phase 3 food insecurity or above
Cameroon,CMR,2022-03,2865906.0,Persons,People in Phase 3 food insecurity or above
Cameroon,CMR,2022-03,11.0,Percentage,People in Phase 3 food insecurity or above
Cameroon,CMR,2022-10,3597014.0,Persons,People in Phase 3 food insecurity or above
Cameroon,CMR,2022-10,13.0,Percentage,People in Phase 3 food insecurity or above
Cameroon,CMR,2023-03,3012103.0,Persons,People in Phase 3 food insecurity or above
Cameroon,CMR,2023-03,11.0,Percentage,People in Phase 3 food insecurity or above
Cameroon,CMR,2023-11,2939648.0,Persons,People in Phase 3 food insecurity or above
Cameroon,CMR,2023-11,11.0,Percentage,People in Phase 3 food insecurity or above
Cameroon,CMR,2024-03,2796436.0,Persons,People in Phase 3 food insecurity or above
Cameroon,CMR,2024-03,10.0,Percentage,People in Phase 3 food insecurity or above
Cameroon,CMR,2024-11,3080145.0,Persons,People in Phase 3 food insecurity or above
Cameroon,CMR,2024-11,11.0,Percentage,People in Phase 3 food insecurity or above
Central African Republic,CAF,2017-02,1110028.0,Persons,People in Phase 3 food insecurity or above
Central African Republic,CAF,2017-02,31.0,Percentage,People in Phase 3 food insecurity or above
Central African Republic,CAF,2018-03,1635140.0,Persons,People in Phase 3 food insecurity or above
Central African Republic,CAF,2018-03,34.0,Percentage,People in Phase 3 food insecurity or above
Central African Republic,CAF,2018-09,1898963.0,Persons,People in Phase 3 food insecurity or above
Central African Republic,CAF,2018-09,42.0,Percentage,People in Phase 3 food insecurity or above
Central African Republic,CAF,2019-05,1809109.0,Persons,People in Phase 3 food insecurity or above
Central African Republic,CAF,2019-05,42.0,Percentage,People in Phase 3 food insecurity or above
Central African Republic,CAF,2019-09,1615304.0,Persons,People in Phase 3 food insecurity or above
Central African Republic,CAF,2019-09,35.0,Percentage,People in Phase 3 food insecurity or above
Central African Republic,CAF,2020-09,1928609.0,Persons,People in Phase 3 food insecurity or above
Central African Republic,CAF,2020-09,41.0,Percentage,People in Phase 3 food insecurity or above
Central African Republic,CAF,2021-09,2095278.0,Persons,People in Phase 3 food insecurity or above
Central African Republic,CAF,2021-09,43.0,Percentage,People in Phase 3 food insecurity or above
Central African Republic,CAF,2022-09,2652693.0,Persons,People in Phase 3 food insecurity or above
Central African Republic,CAF,2022-09,44.0,Percentage,People in Phase 3 food insecurity or above
Central African Republic,CAF,2023-04,2388086.0,Persons,People in Phase 3 food insecurity or above
Central African Republic,CAF,2023-04,39.0,Percentage,People in Phase 3 food insecurity or above
Central African Republic,CAF,2023-09,2019858.0,Persons,People in Phase 3 food insecurity or above
Central African Republic,CAF,2023-09,33.0,Percentage,People in Phase 3 food insecurity or above
Central African Republic,CAF,2024-10,1970683.0,Persons,People in Phase 3 food insecurity or above
Central African Republic,CAF,2024-10,31.0,Percentage,People in Phase 3 food insecurity or above
Central African Republic,CAF,2025-05,2224554.0,Persons,People in Phase 3 food insecurity or above
Central African Republic,CAF,2025-05,34.0,Percentage,People in Phase 3 food insecurity or above
Central African Republic,CAF,2025-09,1928733.0,Persons,People in Phase 3 food insecurity or above
Central African Republic,CAF,2025-09,29.0,Percentage,People in Phase 3 food insecurity or above
Chad,TCD,2020-11,600775.0,Persons,People in Phase 3 food insecurity or above
Chad,TCD,2020-11,4.0,Percentage,People in Phase 3 food insecurity or above
Chad,TCD,2021-03,1275259.0,Persons,People in Phase 3 food insecurity or above
Chad,TCD,2021-03,9.0,Percentage,People in Phase 3 food insecurity or above
Chad,TCD,2021-11,963245.0,Persons,People in Phase 3 food insecurity or above
Chad,TCD,2021-11,6.0,Percentage,People in Phase 3 food insecurity or above
Chad,TCD,2022-03,1293813.0,Persons,People in Phase 3 food insecurity or above
Chad,TCD,2022-03,8.0,Percentage,People in Phase 3 food insecurity or above
Chad,TCD,2022-11,809237.0,Persons,People in Phase 3 food insecurity or above
Chad,TCD,2022-11,5.0,Percentage,People in Phase 3 food insecurity or above
Chad,TCD,2023-03,1039975.0,Persons,People in Phase 3 food insecurity or above
Chad,TCD,2023-03,6.0,Percentage,People in Phase 3 food insecurity or above
Chad,TCD,2023-11,2058264.0,Persons,People in Phase 3 food insecurity or above
Chad,TCD,2023-11,12.0,Percentage,People in Phase 3 food insecurity or above
Chad,TCD,2024-02,323126.0,Persons,People in Phase 3 food insecurity or above
Chad,TCD,2024-02,26.0,Percentage,People in Phase 3 food insecurity or above
Chad,TCD,2024-03,2401973.0,Persons,People in Phase 3 food insecurity or above
Chad,TCD,2024-03,14.000000000000002,Percentage,People in Phase 3 food insecurity or above
Chad,TCD,2024-11,2419594.0,Persons,People in Phase 3 food insecurity or above
Chad,TCD,2024-11,14.000000000000002,Percentage,People in Phase 3 food insecurity or above
Chad,TCD,2025-03,2337773.0,Persons,People in Phase 3 food insecurity or above
Chad,TCD,2025-03,13.0,Percentage,People in Phase 3 food insecurity or above
"Congo, Dem. Rep.",COD,2017-06,7642208.0,Persons,People in Phase 3 food insecurity or above
"Congo, Dem. Rep.",COD,2017-06,11.0,Percentage,People in Phase 3 food insecurity or above
"Congo, Dem. Rep.",COD,2018-06,13141056.0,Persons,People in Phase 3 food insecurity or above
"Congo, Dem. Rep.",COD,2018-06,23.0,Percentage,People in Phase 3 food insecurity or above
"Congo, Dem. Rep.",COD,2019-06,15577676.0,Persons,People in Phase 3 food insecurity or above
"Congo, Dem. Rep.",COD,2019-06,26.0,Percentage,People in Phase 3 food insecurity or above
"Congo, Dem. Rep.",COD,2020-07,21834710.0,Persons,People in Phase 3 food insecurity or above
"Congo, Dem. Rep.",COD,2020-07,33.0,Percentage,People in Phase 3 food insecurity or above
"Congo, Dem. Rep.",COD,2021-02,27262321.0,Persons,People in Phase 3 food insecurity or above
"Congo, Dem. Rep.",COD,2021-02,28.000000000000004,Percentage,People in Phase 3 food insecurity or above
"Congo, Dem. Rep.",COD,2021-09,27020164.0,Persons,People in Phase 3 food insecurity or above
"Congo, Dem. Rep.",COD,2021-09,26.0,Percentage,People in Phase 3 food insecurity or above
"Congo, Dem. Rep.",COD,2022-07,26429377.0,Persons,People in Phase 3 food insecurity or above
"Congo, Dem. Rep.",COD,2022-07,26.0,Percentage,People in Phase 3 food insecurity or above
"Congo, Dem. Rep.",COD,2023-08,25397915.0,Persons,People in Phase 3 food insecurity or above
"Congo, Dem. Rep.",COD,2023-08,23.0,Percentage,People in Phase 3 food insecurity or above
"Congo, Dem. Rep.",COD,2024-09,25552751.0,Persons,People in Phase 3 food insecurity or above
"Congo, Dem. Rep.",COD,2024-09,22.0,Percentage,People in Phase 3 food insecurity or above
"Congo, Dem. Rep.",COD,2025-09,24812776.0,Persons,People in Phase 3 food insecurity or above
"Congo, Dem. Rep.",COD,2025-09,21.0,Percentage,People in Phase 3 food insecurity or above
Cote d'Ivoire,CIV,2020-10,210027.0,Persons,People in Phase 3 food insecurity or above
Cote d'Ivoire,CIV,2020-10,3.0,Percentage,People in Phase 3 food insecurity or above
Cote d'Ivoire,CIV,2021-03,487290.0,Persons,People in Phase 3 food insecurity or above
Cote d'Ivoire,CIV,2021-03,3.0,Percentage,People in Phase 3 food insecurity or above
Cote d'Ivoire,CIV,2021-10,944561.0,Persons,People in Phase 3 food insecurity or above
Cote d'Ivoire,CIV,2021-10,6.0,Percentage,People in Phase 3 food insecurity or above
Cote d'Ivoire,CIV,2022-03,305957.0,Persons,People in Phase 3 food insecurity or above
Cote d'Ivoire,CIV,2022-03,4.0,Percentage,People in Phase 3 food insecurity or above
Cote d'Ivoire,CIV,2022-10,849333.0,Persons,People in Phase 3 food insecurity or above
Cote d'Ivoire,CIV,2022-10,4.0,Percentage,People in Phase 3 food insecurity or above
Cote d'Ivoire,CIV,2023-03,870329.0,Persons,People in Phase 3 food insecurity or above
Cote d'Ivoire,CIV,2023-03,4.0,Percentage,People in Phase 3 food insecurity or above
Cote d'Ivoire,CIV,2023-11,800985.0,Persons,People in Phase 3 food insecurity or above
Cote d'Ivoire,CIV,2023-11,3.0,Percentage,People in Phase 3 food insecurity or above
Cote d'Ivoire,CIV,2024-03,900575.0,Persons,People in Phase 3 food insecurity or above
Cote d'Ivoire,CIV,2024-03,4.0,Percentage,People in Phase 3 food insecurity or above
Cote d'Ivoire,CIV,2024-11,693659.0,Persons,People in Phase 3 food insecurity or above
Cote d'Ivoire,CIV,2024-11,3.0,Percentage,People in Phase 3 food insecurity or above
Cote d'Ivoire,CIV,2025-03,1240416.0,Persons,People in Phase 3 food insecurity or above
Cote d'Ivoire,CIV,2025-03,5.0,Percentage,People in Phase 3 food insecurity or above
Djibouti,DJI,2020-10,154979.0,Persons,People in Phase 3 food insecurity or above
Djibouti,DJI,2020-10,14.000000000000002,Percentage,People in Phase 3 food insecurity or above
Djibouti,DJI,2022-03,131997.0,Persons,People in Phase 3 food insecurity or above
Djibouti,DJI,2022-03,11.0,Percentage,People in Phase 3 food insecurity or above
Djibouti,DJI,2023-04,249949.0,Persons,People in Phase 3 food insecurity or above
Djibouti,DJI,2023-04,21.0,Percentage,People in Phase 3 food insecurity or above
Djibouti,DJI,2024-04,221259.0,Persons,People in Phase 3 food insecurity or above
Djibouti,DJI,2024-04,19.0,Percentage,People in Phase 3 food insecurity or above
Djibouti,DJI,2025-05,193872.0,Persons,People in Phase 3 food insecurity or above
Djibouti,DJI,2025-05,17.0,Percentage,People in Phase 3 food insecurity or above
Dominican Republic,DOM,2022-11,1552880.0,Persons,People in Phase 3 food insecurity or above
Dominican Republic,DOM,2022-11,15.0,Percentage,People in Phase 3 food insecurity or above
Dominican Republic,DOM,2023-09,1206438.0,Persons,People in Phase 3 food insecurity or above
Dominican Republic,DOM,2023-09,11.0,Percentage,People in Phase 3 food insecurity or above
Dominican Republic,DOM,2024-11,924905.0,Persons,People in Phase 3 food insecurity or above
Dominican Republic,DOM,2024-11,9.0,Percentage,People in Phase 3 food insecurity or above
Ecuador,ECU,2024-08,2579266.0,Persons,People in Phase 3 food insecurity or above
Ecuador,ECU,2024-08,14.000000000000002,Percentage,People in Phase 3 food insecurity or above
El Salvador,SLV,2018-11,214004.0,Persons,People in Phase 3 food insecurity or above
El Salvador,SLV,2018-11,16.0,Percentage,People in Phase 3 food insecurity or above
El Salvador,SLV,2020-11,684118.0,Persons,People in Phase 3 food insecurity or above
El Salvador,SLV,2020-11,10.0,Percentage,People in Phase 3 food insecurity or above
El Salvador,SLV,2021-08,841190.0,Persons,People in Phase 3 food insecurity or above
El Salvador,SLV,2021-08,13.0,Percentage,People in Phase 3 food insecurity or above
Eswatini,SWZ,2017-07,137380.0,Persons,People in Phase 3 food insecurity or above
Eswatini,SWZ,2017-07,15.0,Percentage,People in Phase 3 food insecurity or above
Eswatini,SWZ,2018-06,122657.0,Persons,People in Phase 3 food insecurity or above
Eswatini,SWZ,2018-06,11.0,Percentage,People in Phase 3 food insecurity or above
Eswatini,SWZ,2019-06,204533.0,Persons,People in Phase 3 food insecurity or above
Eswatini,SWZ,2019-06,22.0,Percentage,People in Phase 3 food insecurity or above
Eswatini,SWZ,2020-06,330316.0,Persons,People in Phase 3 food insecurity or above
Eswatini,SWZ,2020-06,30.0,Percentage,People in Phase 3 food insecurity or above
Eswatini,SWZ,2021-01,347422.0,Persons,People in Phase 3 food insecurity or above
Eswatini,SWZ,2021-01,30.0,Percentage,People in Phase 3 food insecurity or above
Eswatini,SWZ,2021-08,261839.0,Persons,People in Phase 3 food insecurity or above
Eswatini,SWZ,2021-08,22.0,Percentage,People in Phase 3 food insecurity or above
Eswatini,SWZ,2022-06,182554.0,Persons,People in Phase 3 food insecurity or above
Eswatini,SWZ,2022-06,16.0,Percentage,People in Phase 3 food insecurity or above
Eswatini,SWZ,2023-06,238493.0,Persons,People in Phase 3 food insecurity or above
Eswatini,SWZ,2023-06,20.0,Percentage,People in Phase 3 food insecurity or above
Eswatini,SWZ,2024-06,243483.0,Persons,People in Phase 3 food insecurity or above
Eswatini,SWZ,2024-06,20.0,Percentage,People in Phase 3 food insecurity or above
Eswatini,SWZ,2025-06,193178.0,Persons,People in Phase 3 food insecurity or above
Eswatini,SWZ,2025-06,16.0,Percentage,People in Phase 3 food insecurity or above
Ethiopia,ETH,2019-09,7966980.0,Persons,People in Phase 3 food insecurity or above
Ethiopia,ETH,2019-09,27.0,Percentage,People in Phase 3 food insecurity or above
Ethiopia,ETH,2020-08,8505687.0,Persons,People in Phase 3 food insecurity or above
Ethiopia,ETH,2020-08,21.0,Percentage,People in Phase 3 food insecurity or above
Ethiopia,ETH,2020-10,8609537.0,Persons,People in Phase 3 food insecurity or above
Ethiopia,ETH,2020-10,16.0,Percentage,People in Phase 3 food insecurity or above
Ethiopia,ETH,2021-05,16756345.0,Persons,People in Phase 3 food insecurity or above
Ethiopia,ETH,2021-05,30.0,Percentage,People in Phase 3 food insecurity or above
"Gambia, The",GMB,2020-11,72035.0,Persons,People in Phase 3 food insecurity or above
"Gambia, The",GMB,2020-11,3.0,Percentage,People in Phase 3 food insecurity or above
"Gambia, The",GMB,2021-03,65410.0,Persons,People in Phase 3 food insecurity or above
"Gambia, The",GMB,2021-03,3.0,Percentage,People in Phase 3 food insecurity or above
"Gambia, The",GMB,2021-11,111976.0,Persons,People in Phase 3 food insecurity or above
"Gambia, The",GMB,2021-11,5.0,Percentage,People in Phase 3 food insecurity or above
"Gambia, The",GMB,2022-11,207666.0,Persons,People in Phase 3 food insecurity or above
"Gambia, The",GMB,2022-11,8.0,Percentage,People in Phase 3 food insecurity or above
"Gambia, The",GMB,2023-11,152967.0,Persons,People in Phase 3 food insecurity or above
"Gambia, The",GMB,2023-11,6.0,Percentage,People in Phase 3 food insecurity or above
"Gambia, The",GMB,2024-11,131930.0,Persons,People in Phase 3 food insecurity or above
"Gambia, The",GMB,2024-11,5.0,Percentage,People in Phase 3 food insecurity or above
Ghana,GHA,2020-10,327583.0,Persons,People in Phase 3 food insecurity or above
Ghana,GHA,2020-10,1.0,Percentage,People in Phase 3 food insecurity or above
Ghana,GHA,2021-02,962902.0,Persons,People in Phase 3 food insecurity or above
Ghana,GHA,2021-02,3.0,Percentage,People in Phase 3 food insecurity or above
Ghana,GHA,2021-11,563800.0,Persons,People in Phase 3 food insecurity or above
Ghana,GHA,2021-11,8.0,Percentage,People in Phase 3 food insecurity or above
Ghana,GHA,2022-03,416407.0,Persons,People in Phase 3 food insecurity or above
Ghana,GHA,2022-03,8.0,Percentage,People in Phase 3 food insecurity or above
Ghana,GHA,2022-10,823103.0,Persons,People in Phase 3 food insecurity or above
Ghana,GHA,2022-10,6.0,Percentage,People in Phase 3 food insecurity or above
Ghana,GHA,2023-03,1456887.0,Persons,People in Phase 3 food insecurity or above
Ghana,GHA,2023-03,4.0,Percentage,People in Phase 3 food insecurity or above
Ghana,GHA,2023-11,1980705.0,Persons,People in Phase 3 food insecurity or above
Ghana,GHA,2023-11,6.0,Percentage,People in Phase 3 food insecurity or above
Ghana,GHA,2024-03,1152381.0,Persons,People in Phase 3 food insecurity or above
Ghana,GHA,2024-03,4.0,Percentage,People in Phase 3 food insecurity or above
Ghana,GHA,2025-03,2378582.0,Persons,People in Phase 3 food insecurity or above
Ghana,GHA,2025-03,7.000000000000001,Percentage,People in Phase 3 food insecurity or above
Guatemala,GTM,2017-07,470000.0,Persons,People in Phase 3 food insecurity or above
Guatemala,GTM,2017-07,10.0,Percentage,People in Phase 3 food insecurity or above
Guatemala,GTM,2019-03,2601401.0,Persons,People in Phase 3 food insecurity or above
Guatemala,GTM,2019-03,16.0,Percentage,People in Phase 3 food insecurity or above
Guatemala,GTM,2019-12,1046740.0,Persons,People in Phase 3 food insecurity or above
Guatemala,GTM,2019-12,15.0,Percentage,People in Phase 3 food insecurity or above
Guatemala,GTM,2020-09,3681608.0,Persons,People in Phase 3 food insecurity or above
Guatemala,GTM,2020-09,22.0,Percentage,People in Phase 3 food insecurity or above
Guatemala,GTM,2021-05,3458652.0,Persons,People in Phase 3 food insecurity or above
Guatemala,GTM,2021-05,20.0,Percentage,People in Phase 3 food insecurity or above
Guatemala,GTM,2022-04,3927271.0,Persons,People in Phase 3 food insecurity or above
Guatemala,GTM,2022-04,22.0,Percentage,People in Phase 3 food insecurity or above
Guatemala,GTM,2023-05,3459908.0,Persons,People in Phase 3 food insecurity or above
Guatemala,GTM,2023-05,19.0,Percentage,People in Phase 3 food insecurity or above
Guatemala,GTM,2024-07,2994471.0,Persons,People in Phase 3 food insecurity or above
Guatemala,GTM,2024-07,17.0,Percentage,People in Phase 3 food insecurity or above
Guatemala,GTM,2025-05,3437133.0,Persons,People in Phase 3 food insecurity or above
Guatemala,GTM,2025-05,19.0,Percentage,People in Phase 3 food insecurity or above
Guinea,GIN,2020-11,630706.0,Persons,People in Phase 3 food insecurity or above
Guinea,GIN,2020-11,6.0,Percentage,People in Phase 3 food insecurity or above
Guinea,GIN,2021-04,453942.0,Persons,People in Phase 3 food insecurity or above
Guinea,GIN,2021-04,4.0,Percentage,People in Phase 3 food insecurity or above
Guinea,GIN,2021-11,564458.0,Persons,People in Phase 3 food insecurity or above
Guinea,GIN,2021-11,5.0,Percentage,People in Phase 3 food insecurity or above
Guinea,GIN,2022-03,992179.0,Persons,People in Phase 3 food insecurity or above
Guinea,GIN,2022-03,9.0,Percentage,People in Phase 3 food insecurity or above
Guinea,GIN,2022-11,649159.0,Persons,People in Phase 3 food insecurity or above
Guinea,GIN,2022-11,6.0,Percentage,People in Phase 3 food insecurity or above
Guinea,GIN,2023-03,496782.0,Persons,People in Phase 3 food insecurity or above
Guinea,GIN,2023-03,4.0,Percentage,People in Phase 3 food insecurity or above
Guinea,GIN,2023-11,392493.0,Persons,People in Phase 3 food insecurity or above
Guinea,GIN,2023-11,3.0,Percentage,People in Phase 3 food insecurity or above
Guinea,GIN,2024-03,828708.0,Persons,People in Phase 3 food insecurity or above
Guinea,GIN,2024-03,7.000000000000001,Percentage,People in Phase 3 food insecurity or above
Guinea,GIN,2024-11,920223.0,Persons,People in Phase 3 food insecurity or above
Guinea,GIN,2024-11,7.000000000000001,Percentage,People in Phase 3 food insecurity or above
Guinea,GIN,2025-03,1821316.0,Persons,People in Phase 3 food insecurity or above
Guinea,GIN,2025-03,13.0,Percentage,People in Phase 3 food insecurity or above
Guinea-Bissau,GNB,2020-11,153132.0,Persons,People in Phase 3 food insecurity or above
Guinea-Bissau,GNB,2020-11,12.0,Percentage,People in Phase 3 food insecurity or above
Guinea-Bissau,GNB,2021-03,68127.0,Persons,People in Phase 3 food insecurity or above
Guinea-Bissau,GNB,2021-03,5.0,Percentage,People in Phase 3 food insecurity or above
Guinea-Bissau,GNB,2021-11,57996.0,Persons,People in Phase 3 food insecurity or above
Guinea-Bissau,GNB,2021-11,4.0,Percentage,People in Phase 3 food insecurity or above
Guinea-Bissau,GNB,2022-03,131444.0,Persons,People in Phase 3 food insecurity or above
Guinea-Bissau,GNB,2022-03,10.0,Percentage,People in Phase 3 food insecurity or above
Guinea-Bissau,GNB,2022-11,112034.0,Persons,People in Phase 3 food insecurity or above
Guinea-Bissau,GNB,2022-11,7.000000000000001,Percentage,People in Phase 3 food insecurity or above
Guinea-Bissau,GNB,2023-03,95820.0,Persons,People in Phase 3 food insecurity or above
Guinea-Bissau,GNB,2023-03,8.0,Percentage,People in Phase 3 food insecurity or above
Guinea-Bissau,GNB,2023-11,80964.0,Persons,People in Phase 3 food insecurity or above
Guinea-Bissau,GNB,2023-11,5.0,Percentage,People in Phase 3 food insecurity or above
Guinea-Bissau,GNB,2024-03,98024.0,Persons,People in Phase 3 food insecurity or above
Guinea-Bissau,GNB,2024-03,6.0,Percentage,People in Phase 3 food insecurity or above
Guinea-Bissau,GNB,2024-11,107705.0,Persons,People in Phase 3 food insecurity or above
Guinea-Bissau,GNB,2024-11,6.0,Percentage,People in Phase 3 food insecurity or above
Guinea-Bissau,GNB,2025-03,121695.0,Persons,People in Phase 3 food insecurity or above
Guinea-Bissau,GNB,2025-03,7.000000000000001,Percentage,People in Phase 3 food insecurity or above
Haiti,HTI,2017-02,2347103.0,Persons,People in Phase 3 food insecurity or above
Haiti,HTI,2017-02,31.0,Percentage,People in Phase 3 food insecurity or above
Haiti,HTI,2017-10,1321776.0,Persons,People in Phase 3 food insecurity or above
Haiti,HTI,2017-10,18.0,Percentage,People in Phase 3 food insecurity or above
Haiti,HTI,2018-10,2258982.0,Persons,People in Phase 3 food insecurity or above
Haiti,HTI,2018-10,33.0,Percentage,People in Phase 3 food insecurity or above
Haiti,HTI,2019-10,3673127.0,Persons,People in Phase 3 food insecurity or above
Haiti,HTI,2019-10,35.0,Percentage,People in Phase 3 food insecurity or above
Haiti,HTI,2020-08,3988968.0,Persons,People in Phase 3 food insecurity or above
Haiti,HTI,2020-08,41.0,Percentage,People in Phase 3 food insecurity or above
Haiti,HTI,2021-09,4333426.0,Persons,People in Phase 3 food insecurity or above
Haiti,HTI,2021-09,44.0,Percentage,People in Phase 3 food insecurity or above
Haiti,HTI,2022-09,4724394.0,Persons,People in Phase 3 food insecurity or above
Haiti,HTI,2022-09,48.0,Percentage,People in Phase 3 food insecurity or above
Haiti,HTI,2023-08,4346137.0,Persons,People in Phase 3 food insecurity or above
Haiti,HTI,2023-08,44.0,Percentage,People in Phase 3 food insecurity or above
Haiti,HTI,2024-08,5407898.0,Persons,People in Phase 3 food insecurity or above
Haiti,HTI,2024-08,48.0,Percentage,People in Phase 3 food insecurity or above
Haiti,HTI,2025-09,5697628.0,Persons,People in Phase 3 food insecurity or above
Haiti,HTI,2025-09,51.0,Percentage,People in Phase 3 food insecurity or above
Honduras,HND,2018-12,273058.0,Persons,People in Phase 3 food insecurity or above
Honduras,HND,2018-12,19.0,Percentage,People in Phase 3 food insecurity or above
Honduras,HND,2019-02,245929.0,Persons,People in Phase 3 food insecurity or above
Honduras,HND,2019-02,17.0,Percentage,People in Phase 3 food insecurity or above
Honduras,HND,2019-11,963919.0,Persons,People in Phase 3 food insecurity or above
Honduras,HND,2019-11,18.0,Percentage,People in Phase 3 food insecurity or above
Honduras,HND,2021-01,2909523.0,Persons,People in Phase 3 food insecurity or above
Honduras,HND,2021-01,31.0,Percentage,People in Phase 3 food insecurity or above
Honduras,HND,2022-01,2227597.0,Persons,People in Phase 3 food insecurity or above
Honduras,HND,2022-01,24.0,Percentage,People in Phase 3 food insecurity or above
Honduras,HND,2023-02,2300926.0,Persons,People in Phase 3 food insecurity or above
Honduras,HND,2023-02,24.0,Percentage,People in Phase 3 food insecurity or above
Honduras,HND,2024-02,1772657.0,Persons,People in Phase 3 food insecurity or above
Honduras,HND,2024-02,18.0,Percentage,People in Phase 3 food insecurity or above
Honduras,HND,2025-02,1784832.0,Persons,People in Phase 3 food insecurity or above
Honduras,HND,2025-02,18.0,Percentage,People in Phase 3 food insecurity or above
Kenya,KEN,2019-07,2567437.0,Persons,People in Phase 3 food insecurity or above
Kenya,KEN,2019-07,18.0,Percentage,People in Phase 3 food insecurity or above
Kenya,KEN,2020-02,1319383.0,Persons,People in Phase 3 food insecurity or above
Kenya,KEN,2020-02,9.0,Percentage,People in Phase 3 food insecurity or above
Kenya,KEN,2020-08,1809894.0,Persons,People in Phase 3 food insecurity or above
Kenya,KEN,2020-08,10.0,Percentage,People in Phase 3 food insecurity or above
Kenya,KEN,2021-02,1425209.0,Persons,People in Phase 3 food insecurity or above
Kenya,KEN,2021-02,10.0,Percentage,People in Phase 3 food insecurity or above
Kenya,KEN,2021-07,2147839.0,Persons,People in Phase 3 food insecurity or above
Kenya,KEN,2021-07,14.000000000000002,Percentage,People in Phase 3 food insecurity or above
Kenya,KEN,2022-02,3071637.0,Persons,People in Phase 3 food insecurity or above
Kenya,KEN,2022-02,20.0,Percentage,People in Phase 3 food insecurity or above
Kenya,KEN,2022-07,3513305.0,Persons,People in Phase 3 food insecurity or above
Kenya,KEN,2022-07,24.0,Percentage,People in Phase 3 food insecurity or above
Kenya,KEN,2023-01,4389779.0,Persons,People in Phase 3 food insecurity or above
Kenya,KEN,2023-01,27.0,Percentage,People in Phase 3 food insecurity or above
Kenya,KEN,2023-07,2786550.0,Persons,People in Phase 3 food insecurity or above
Kenya,KEN,2023-07,17.0,Percentage,People in Phase 3 food insecurity or above
Kenya,KEN,2024-02,1931900.0,Persons,People in Phase 3 food insecurity or above
Kenya,KEN,2024-02,12.0,Percentage,People in Phase 3 food insecurity or above
Kenya,KEN,2024-07,937222.0,Persons,People in Phase 3 food insecurity or above
Kenya,KEN,2024-07,5.0,Percentage,People in Phase 3 food insecurity or above
Kenya,KEN,2025-02,2150600.0,Persons,People in Phase 3 food insecurity or above
Kenya,KEN,2025-02,13.0,Percentage,People in Phase 3 food insecurity or above
Kenya,KEN,2025-07,1760950.0,Persons,People in Phase 3 food insecurity or above
Kenya,KEN,2025-07,11.0,Percentage,People in Phase 3 food insecurity or above
Lebanon,LBN,2022-09,1984000.0,Persons,People in Phase 3 food insecurity or above
Lebanon,LBN,2022-09,37.0,Percentage,People in Phase 3 food insecurity or above
Lebanon,LBN,2023-05,1411549.0,Persons,People in Phase 3 food insecurity or above
Lebanon,LBN,2023-05,25.0,Percentage,People in Phase 3 food insecurity or above
Lebanon,LBN,2023-10,1049957.0,Persons,People in Phase 3 food insecurity or above
Lebanon,LBN,2023-10,19.0,Percentage,People in Phase 3 food insecurity or above
Lebanon,LBN,2024-11,1591086.0,Persons,People in Phase 3 food insecurity or above
Lebanon,LBN,2024-11,29.0,Percentage,People in Phase 3 food insecurity or above
Lebanon,LBN,2025-03,1172387.0,Persons,People in Phase 3 food insecurity or above
Lebanon,LBN,2025-03,21.0,Percentage,People in Phase 3 food insecurity or above
Lesotho,LSO,2017-07,179042.0,Persons,People in Phase 3 food insecurity or above
Lesotho,LSO,2017-07,13.0,Percentage,People in Phase 3 food insecurity or above
Lesotho,LSO,2018-06,161136.0,Persons,People in Phase 3 food insecurity or above
Lesotho,LSO,2018-06,11.0,Percentage,People in Phase 3 food insecurity or above
Lesotho,LSO,2019-06,348406.0,Persons,People in Phase 3 food insecurity or above
Lesotho,LSO,2019-06,24.0,Percentage,People in Phase 3 food insecurity or above
Lesotho,LSO,2020-07,374195.0,Persons,People in Phase 3 food insecurity or above
Lesotho,LSO,2020-07,26.0,Percentage,People in Phase 3 food insecurity or above
Lesotho,LSO,2021-06,178694.0,Persons,People in Phase 3 food insecurity or above
Lesotho,LSO,2021-06,12.0,Percentage,People in Phase 3 food insecurity or above
Lesotho,LSO,2021-11,328424.0,Persons,People in Phase 3 food insecurity or above
Lesotho,LSO,2021-11,22.0,Percentage,People in Phase 3 food insecurity or above
Lesotho,LSO,2022-06,228503.0,Persons,People in Phase 3 food insecurity or above
Lesotho,LSO,2022-06,15.0,Percentage,People in Phase 3 food insecurity or above
Lesotho,LSO,2023-07,245081.0,Persons,People in Phase 3 food insecurity or above
Lesotho,LSO,2023-07,16.0,Percentage,People in Phase 3 food insecurity or above
Lesotho,LSO,2024-05,292866.0,Persons,People in Phase 3 food insecurity or above
Lesotho,LSO,2024-05,19.0,Percentage,People in Phase 3 food insecurity or above
Lesotho,LSO,2025-03,258331.0,Persons,People in Phase 3 food insecurity or above
Lesotho,LSO,2025-03,17.0,Percentage,People in Phase 3 food insecurity or above
Liberia,LBR,2020-10,450736.0,Persons,People in Phase 3 food insecurity or above
Liberia,LBR,2020-10,10.0,Percentage,People in Phase 3 food insecurity or above
Liberia,LBR,2021-03,772873.0,Persons,People in Phase 3 food insecurity or above
Liberia,LBR,2021-03,16.0,Percentage,People in Phase 3 food insecurity or above
Liberia,LBR,2022-10,373230.0,Persons,People in Phase 3 food insecurity or above
Liberia,LBR,2022-10,8.0,Percentage,People in Phase 3 food insecurity or above
Madagascar,MDG,2017-06,1067548.0,Persons,People in Phase 3 food insecurity or above
Madagascar,MDG,2017-06,36.0,Percentage,People in Phase 3 food insecurity or above
Madagascar,MDG,2017-10,1289171.0,Persons,People in Phase 3 food insecurity or above
Madagascar,MDG,2017-10,43.0,Percentage,People in Phase 3 food insecurity or above
Madagascar,MDG,2018-05,1058589.0,Persons,People in Phase 3 food insecurity or above
Madagascar,MDG,2018-05,31.0,Percentage,People in Phase 3 food insecurity or above
Madagascar,MDG,2018-10,1058711.0,Persons,People in Phase 3 food insecurity or above
Madagascar,MDG,2018-10,23.0,Percentage,People in Phase 3 food insecurity or above
Madagascar,MDG,2019-06,730527.0,Persons,People in Phase 3 food insecurity or above
Madagascar,MDG,2019-06,21.0,Percentage,People in Phase 3 food insecurity or above
Madagascar,MDG,2019-10,500075.0,Persons,People in Phase 3 food insecurity or above
Madagascar,MDG,2019-10,14.000000000000002,Percentage,People in Phase 3 food insecurity or above
Madagascar,MDG,2020-11,1062712.0,Persons,People in Phase 3 food insecurity or above
Madagascar,MDG,2020-11,27.0,Percentage,People in Phase 3 food insecurity or above
Madagascar,MDG,2021-04,1137633.0,Persons,People in Phase 3 food insecurity or above
Madagascar,MDG,2021-04,43.0,Percentage,People in Phase 3 food insecurity or above
Madagascar,MDG,2021-11,1642643.0,Persons,People in Phase 3 food insecurity or above
Madagascar,MDG,2021-11,37.0,Percentage,People in Phase 3 food insecurity or above
Madagascar,MDG,2022-04,1684129.0,Persons,People in Phase 3 food insecurity or above
Madagascar,MDG,2022-04,32.0,Percentage,People in Phase 3 food insecurity or above
Madagascar,MDG,2022-07,190862.0,Persons,People in Phase 3 food insecurity or above
Madagascar,MDG,2022-07,26.0,Percentage,People in Phase 3 food insecurity or above
Madagascar,MDG,2022-11,2225076.0,Persons,People in Phase 3 food insecurity or above
Madagascar,MDG,2022-11,36.0,Percentage,People in Phase 3 food insecurity or above
Madagascar,MDG,2023-07,1078433.0,Persons,People in Phase 3 food insecurity or above
Madagascar,MDG,2023-07,16.0,Percentage,People in Phase 3 food insecurity or above
Madagascar,MDG,2023-12,1307378.0,Persons,People in Phase 3 food insecurity or above
Madagascar,MDG,2023-12,17.0,Percentage,People in Phase 3 food insecurity or above
Madagascar,MDG,2024-06,1219583.0,Persons,People in Phase 3 food insecurity or above
Madagascar,MDG,2024-06,12.0,Percentage,People in Phase 3 food insecurity or above
Madagascar,MDG,2024-12,1628408.0,Persons,People in Phase 3 food insecurity or above
Madagascar,MDG,2024-12,15.0,Percentage,People in Phase 3 food insecurity or above
Madagascar,MDG,2025-07,1198389.0,Persons,People in Phase 3 food insecurity or above
Madagascar,MDG,2025-07,13.0,Percentage,People in Phase 3 food insecurity or above
Malawi,MWI,2017-07,421000.0,Persons,People in Phase 3 food insecurity or above
Malawi,MWI,2017-07,3.0,Percentage,People in Phase 3 food insecurity or above
Malawi,MWI,2018-08,2203362.0,Persons,People in Phase 3 food insecurity or above
Malawi,MWI,2018-08,15.0,Percentage,People in Phase 3 food insecurity or above
Malawi,MWI,2019-06,673167.0,Persons,People in Phase 3 food insecurity or above
Malawi,MWI,2019-06,5.0,Percentage,People in Phase 3 food insecurity or above
Malawi,MWI,2020-08,1696881.0,Persons,People in Phase 3 food insecurity or above
Malawi,MWI,2020-08,10.0,Percentage,People in Phase 3 food insecurity or above
Malawi,MWI,2020-12,2549703.0,Persons,People in Phase 3 food insecurity or above
Malawi,MWI,2020-12,14.000000000000002,Percentage,People in Phase 3 food insecurity or above
Malawi,MWI,2021-08,1064674.0,Persons,People in Phase 3 food insecurity or above
Malawi,MWI,2021-08,6.0,Percentage,People in Phase 3 food insecurity or above
Malawi,MWI,2021-11,1396742.0,Persons,People in Phase 3 food insecurity or above
Malawi,MWI,2021-11,7.000000000000001,Percentage,People in Phase 3 food insecurity or above
Malawi,MWI,2022-06,2632740.0,Persons,People in Phase 3 food insecurity or above
Malawi,MWI,2022-06,14.000000000000002,Percentage,People in Phase 3 food insecurity or above
Malawi,MWI,2023-07,3021000.0,Persons,People in Phase 3 food insecurity or above
Malawi,MWI,2023-07,15.0,Percentage,People in Phase 3 food insecurity or above
Malawi,MWI,2024-05,4165142.0,Persons,People in Phase 3 food insecurity or above
Malawi,MWI,2024-05,20.0,Percentage,People in Phase 3 food insecurity or above
Malawi,MWI,2025-06,2970149.0,Persons,People in Phase 3 food insecurity or above
Malawi,MWI,2025-06,16.0,Percentage,People in Phase 3 food insecurity or above
Mali,MLI,2020-11,436867.0,Persons,People in Phase 3 food insecurity or above
Mali,MLI,2020-11,2.0,Percentage,People in Phase 3 food insecurity or above
Mali,MLI,2021-03,858839.0,Persons,People in Phase 3 food insecurity or above
Mali,MLI,2021-03,4.0,Percentage,People in Phase 3 food insecurity or above
Mali,MLI,2021-11,1163876.0,Persons,People in Phase 3 food insecurity or above
Mali,MLI,2021-11,5.0,Percentage,People in Phase 3 food insecurity or above
Mali,MLI,2022-11,631684.0,Persons,People in Phase 3 food insecurity or above
Mali,MLI,2022-11,3.0,Percentage,People in Phase 3 food insecurity or above
Mali,MLI,2023-03,760887.0,Persons,People in Phase 3 food insecurity or above
Mali,MLI,2023-03,3.0,Percentage,People in Phase 3 food insecurity or above
Mali,MLI,2023-11,715410.0,Persons,People in Phase 3 food insecurity or above
Mali,MLI,2023-11,3.0,Percentage,People in Phase 3 food insecurity or above
Mali,MLI,2024-03,795583.0,Persons,People in Phase 3 food insecurity or above
Mali,MLI,2024-03,3.0,Percentage,People in Phase 3 food insecurity or above
Mali,MLI,2024-11,901909.0,Persons,People in Phase 3 food insecurity or above
Mali,MLI,2024-11,4.0,Percentage,People in Phase 3 food insecurity or above
Mauritania,MRT,2020-11,177091.0,Persons,People in Phase 3 food insecurity or above
Mauritania,MRT,2020-11,4.0,Percentage,People in Phase 3 food insecurity or above
Mauritania,MRT,2021-03,250272.0,Persons,People in Phase 3 food insecurity or above
Mauritania,MRT,2021-03,6.0,Percentage,People in Phase 3 food insecurity or above
Mauritania,MRT,2021-11,348760.0,Persons,People in Phase 3 food insecurity or above
Mauritania,MRT,2021-11,8.0,Percentage,People in Phase 3 food insecurity or above
Mauritania,MRT,2022-03,678543.0,Persons,People in Phase 3 food insecurity or above
Mauritania,MRT,2022-03,16.0,Percentage,People in Phase 3 food insecurity or above
Mauritania,MRT,2022-11,440765.0,Persons,People in Phase 3 food insecurity or above
Mauritania,MRT,2022-11,10.0,Percentage,People in Phase 3 food insecurity or above
Mauritania,MRT,2023-03,271969.0,Persons,People in Phase 3 food insecurity or above
Mauritania,MRT,2023-03,8.0,Percentage,People in Phase 3 food insecurity or above
Mauritania,MRT,2023-11,232688.0,Persons,People in Phase 3 food insecurity or above
Mauritania,MRT,2023-11,5.0,Percentage,People in Phase 3 food insecurity or above
Mauritania,MRT,2024-03,320309.0,Persons,People in Phase 3 food insecurity or above
Mauritania,MRT,2024-03,12.0,Percentage,People in Phase 3 food insecurity or above
Mauritania,MRT,2024-11,185897.0,Persons,People in Phase 3 food insecurity or above
Mauritania,MRT,2024-11,4.0,Percentage,People in Phase 3 food insecurity or above
Mauritania,MRT,2025-03,365706.0,Persons,People in Phase 3 food insecurity or above
Mauritania,MRT,2025-03,7.000000000000001,Percentage,People in Phase 3 food insecurity or above
Mozambique,MOZ,2017-05,858473.0,Persons,People in Phase 3 food insecurity or above
Mozambique,MOZ,2017-05,31.0,Percentage,People in Phase 3 food insecurity or above
Mozambique,MOZ,2017-07,51909.0,Persons,People in Phase 3 food insecurity or above
Mozambique,MOZ,2018-05,891052.0,Persons,People in Phase 3 food insecurity or above
Mozambique,MOZ,2018-05,17.0,Percentage,People in Phase 3 food insecurity or above
Mozambique,MOZ,2018-10,1780512.0,Persons,People in Phase 3 food insecurity or above
Mozambique,MOZ,2018-10,7.000000000000001,Percentage,People in Phase 3 food insecurity or above
Mozambique,MOZ,2019-06,1358046.0,Persons,People in Phase 3 food insecurity or above
Mozambique,MOZ,2019-06,27.0,Percentage,People in Phase 3 food insecurity or above
Mozambique,MOZ,2020-05,283175.0,Persons,People in Phase 3 food insecurity or above
Mozambique,MOZ,2020-05,26.0,Percentage,People in Phase 3 food insecurity or above
Mozambique,MOZ,2020-06,364389.0,Persons,People in Phase 3 food insecurity or above
Mozambique,MOZ,2020-06,15.0,Percentage,People in Phase 3 food insecurity or above
Mozambique,MOZ,2020-10,2674922.0,Persons,People in Phase 3 food insecurity or above
Mozambique,MOZ,2020-10,15.0,Percentage,People in Phase 3 food insecurity or above
Mozambique,MOZ,2021-04,188964.0,Persons,People in Phase 3 food insecurity or above
Mozambique,MOZ,2021-04,36.0,Percentage,People in Phase 3 food insecurity or above
Mozambique,MOZ,2021-11,1857640.0,Persons,People in Phase 3 food insecurity or above
Mozambique,MOZ,2021-11,13.0,Percentage,People in Phase 3 food insecurity or above
Mozambique,MOZ,2022-11,3146423.0,Persons,People in Phase 3 food insecurity or above
Mozambique,MOZ,2022-11,10.0,Percentage,People in Phase 3 food insecurity or above
Mozambique,MOZ,2023-07,2603111.0,Persons,People in Phase 3 food insecurity or above
Mozambique,MOZ,2023-07,17.0,Percentage,People in Phase 3 food insecurity or above
Mozambique,MOZ,2024-06,2785751.0,Persons,People in Phase 3 food insecurity or above
Mozambique,MOZ,2024-06,28.000000000000004,Percentage,People in Phase 3 food insecurity or above
Mozambique,MOZ,2025-06,2089610.0,Persons,People in Phase 3 food insecurity or above
Mozambique,MOZ,2025-06,18.0,Percentage,People in Phase 3 food insecurity or above
Namibia,NAM,2019-10,429274.0,Persons,People in Phase 3 food insecurity or above
Namibia,NAM,2019-10,18.0,Percentage,People in Phase 3 food insecurity or above
Namibia,NAM,2020-07,427905.0,Persons,People in Phase 3 food insecurity or above
Namibia,NAM,2020-07,18.0,Percentage,People in Phase 3 food insecurity or above
Namibia,NAM,2021-10,658588.0,Persons,People in Phase 3 food insecurity or above
Namibia,NAM,2021-10,26.0,Percentage,People in Phase 3 food insecurity or above
Namibia,NAM,2022-09,367058.0,Persons,People in Phase 3 food insecurity or above
Namibia,NAM,2022-09,14.000000000000002,Percentage,People in Phase 3 food insecurity or above
Namibia,NAM,2023-07,579000.0,Persons,People in Phase 3 food insecurity or above
Namibia,NAM,2023-07,22.0,Percentage,People in Phase 3 food insecurity or above
Namibia,NAM,2024-05,1203219.0,Persons,People in Phase 3 food insecurity or above
Namibia,NAM,2024-05,40.0,Percentage,People in Phase 3 food insecurity or above
Namibia,NAM,2024-07,1145579.0,Persons,People in Phase 3 food insecurity or above
Namibia,NAM,2024-07,38.0,Percentage,People in Phase 3 food insecurity or above
Namibia,NAM,2025-07,455668.0,Persons,People in Phase 3 food insecurity or above
Namibia,NAM,2025-07,15.0,Percentage,People in Phase 3 food insecurity or above
Niger,NER,2020-11,1228778.0,Persons,People in Phase 3 food insecurity or above
Niger,NER,2020-11,5.0,Percentage,People in Phase 3 food insecurity or above
Niger,NER,2021-03,1621213.0,Persons,People in Phase 3 food insecurity or above
Niger,NER,2021-03,7.000000000000001,Percentage,People in Phase 3 food insecurity or above
Niger,NER,2021-11,2578384.0,Persons,People in Phase 3 food insecurity or above
Niger,NER,2021-11,11.0,Percentage,People in Phase 3 food insecurity or above
Niger,NER,2022-03,3334338.0,Persons,People in Phase 3 food insecurity or above
Niger,NER,2022-03,13.0,Percentage,People in Phase 3 food insecurity or above
Niger,NER,2022-11,2044333.0,Persons,People in Phase 3 food insecurity or above
Niger,NER,2022-11,8.0,Percentage,People in Phase 3 food insecurity or above
Niger,NER,2023-03,2454354.0,Persons,People in Phase 3 food insecurity or above
Niger,NER,2023-03,9.0,Percentage,People in Phase 3 food insecurity or above
Niger,NER,2023-11,2318639.0,Persons,People in Phase 3 food insecurity or above
Niger,NER,2023-11,9.0,Percentage,People in Phase 3 food insecurity or above
Niger,NER,2024-11,1534548.0,Persons,People in Phase 3 food insecurity or above
Niger,NER,2024-11,5.0,Percentage,People in Phase 3 food insecurity or above
Nigeria,NGA,2020-10,9205174.0,Persons,People in Phase 3 food insecurity or above
Nigeria,NGA,2020-10,9.0,Percentage,People in Phase 3 food insecurity or above
Nigeria,NGA,2021-03,9020073.0,Persons,People in Phase 3 food insecurity or above
Nigeria,NGA,2021-03,9.0,Percentage,People in Phase 3 food insecurity or above
Nigeria,NGA,2021-10,12960899.0,Persons,People in Phase 3 food insecurity or above
Nigeria,NGA,2021-10,8.0,Percentage,People in Phase 3 food insecurity or above
Nigeria,NGA,2022-03,14455049.0,Persons,People in Phase 3 food insecurity or above
Nigeria,NGA,2022-03,9.0,Percentage,People in Phase 3 food insecurity or above
Nigeria,NGA,2022-10,17076282.0,Persons,People in Phase 3 food insecurity or above
Nigeria,NGA,2022-10,8.0,Percentage,People in Phase 3 food insecurity or above
Nigeria,NGA,2023-03,17671698.0,Persons,People in Phase 3 food insecurity or above
Nigeria,NGA,2023-03,9.0,Percentage,People in Phase 3 food insecurity or above
Nigeria,NGA,2023-11,18275635.0,Persons,People in Phase 3 food insecurity or above
Nigeria,NGA,2023-11,9.0,Percentage,People in Phase 3 food insecurity or above
Nigeria,NGA,2024-03,24962192.0,Persons,People in Phase 3 food insecurity or above
Nigeria,NGA,2024-03,12.0,Percentage,People in Phase 3 food insecurity or above
Nigeria,NGA,2024-11,25089924.0,Persons,People in Phase 3 food insecurity or above
Nigeria,NGA,2024-11,12.0,Percentage,People in Phase 3 food insecurity or above
Nigeria,NGA,2025-03,24896101.0,Persons,People in Phase 3 food insecurity or above
Nigeria,NGA,2025-03,12.0,Percentage,People in Phase 3 food insecurity or above
Pakistan,PAK,2017-05,2726822.0,Persons,People in Phase 3 food insecurity or above
Pakistan,PAK,2017-05,50.0,Percentage,People in Phase 3 food insecurity or above
Pakistan,PAK,2019-04,3067706.0,Persons,People in Phase 3 food insecurity or above
Pakistan,PAK,2019-04,51.0,Percentage,People in Phase 3 food insecurity or above
Pakistan,PAK,2020-01,1175287.0,Persons,People in Phase 3 food insecurity or above
Pakistan,PAK,2020-01,23.0,Percentage,People in Phase 3 food insecurity or above
Pakistan,PAK,2021-03,3821318.0,Persons,People in Phase 3 food insecurity or above
Pakistan,PAK,2021-03,26.0,Percentage,People in Phase 3 food insecurity or above
Pakistan,PAK,2021-10,4658928.0,Persons,People in Phase 3 food insecurity or above
Pakistan,PAK,2021-10,25.0,Percentage,People in Phase 3 food insecurity or above
Pakistan,PAK,2022-09,5960858.0,Persons,People in Phase 3 food insecurity or above
Pakistan,PAK,2022-09,30.0,Percentage,People in Phase 3 food insecurity or above
Pakistan,PAK,2023-04,10521252.0,Persons,People in Phase 3 food insecurity or above
Pakistan,PAK,2023-04,29.0,Percentage,People in Phase 3 food insecurity or above
Pakistan,PAK,2024-03,8604852.0,Persons,People in Phase 3 food insecurity or above
Pakistan,PAK,2024-03,24.0,Percentage,People in Phase 3 food insecurity or above
Pakistan,PAK,2024-11,10989570.0,Persons,People in Phase 3 food insecurity or above
Pakistan,PAK,2024-11,22.0,Percentage,People in Phase 3 food insecurity or above
Senegal,SEN,2020-11,511605.0,Persons,People in Phase 3 food insecurity or above
Senegal,SEN,2020-11,3.0,Percentage,People in Phase 3 food insecurity or above
Senegal,SEN,2021-03,298063.0,Persons,People in Phase 3 food insecurity or above
Senegal,SEN,2021-03,2.0,Percentage,People in Phase 3 food insecurity or above
Senegal,SEN,2021-11,308363.0,Persons,People in Phase 3 food insecurity or above
Senegal,SEN,2021-11,2.0,Percentage,People in Phase 3 food insecurity or above
Senegal,SEN,2022-03,550678.0,Persons,People in Phase 3 food insecurity or above
Senegal,SEN,2022-03,3.0,Percentage,People in Phase 3 food insecurity or above
Senegal,SEN,2022-11,876138.0,Persons,People in Phase 3 food insecurity or above
Senegal,SEN,2022-11,5.0,Percentage,People in Phase 3 food insecurity or above
Senegal,SEN,2023-03,679989.0,Persons,People in Phase 3 food insecurity or above
Senegal,SEN,2023-03,4.0,Percentage,People in Phase 3 food insecurity or above
Senegal,SEN,2023-11,314055.0,Persons,People in Phase 3 food insecurity or above
Senegal,SEN,2023-11,2.0,Percentage,People in Phase 3 food insecurity or above
Senegal,SEN,2024-03,278807.0,Persons,People in Phase 3 food insecurity or above
Senegal,SEN,2024-03,2.0,Percentage,People in Phase 3 food insecurity or above
Senegal,SEN,2024-11,892310.0,Persons,People in Phase 3 food insecurity or above
Senegal,SEN,2024-11,4.0,Percentage,People in Phase 3 food insecurity or above
Sierra Leone,SLE,2020-10,852383.0,Persons,People in Phase 3 food insecurity or above
Sierra Leone,SLE,2020-10,10.0,Percentage,People in Phase 3 food insecurity or above
Sierra Leone,SLE,2021-03,1501121.0,Persons,People in Phase 3 food insecurity or above
Sierra Leone,SLE,2021-03,19.0,Percentage,People in Phase 3 food insecurity or above
Sierra Leone,SLE,2021-10,1071284.0,Persons,People in Phase 3 food insecurity or above
Sierra Leone,SLE,2021-10,12.0,Percentage,People in Phase 3 food insecurity or above
Sierra Leone,SLE,2022-03,1229726.0,Persons,People in Phase 3 food insecurity or above
Sierra Leone,SLE,2022-03,14.000000000000002,Percentage,People in Phase 3 food insecurity or above
Sierra Leone,SLE,2022-10,787646.0,Persons,People in Phase 3 food insecurity or above
Sierra Leone,SLE,2022-10,10.0,Percentage,People in Phase 3 food insecurity or above
Sierra Leone,SLE,2023-03,889225.0,Persons,People in Phase 3 food insecurity or above
Sierra Leone,SLE,2023-03,12.0,Percentage,People in Phase 3 food insecurity or above
Sierra Leone,SLE,2023-11,1172222.0,Persons,People in Phase 3 food insecurity or above
Sierra Leone,SLE,2023-11,15.0,Percentage,People in Phase 3 food insecurity or above
Sierra Leone,SLE,2024-03,1104589.0,Persons,People in Phase 3 food insecurity or above
Sierra Leone,SLE,2024-03,14.000000000000002,Percentage,People in Phase 3 food insecurity or above
Sierra Leone,SLE,2024-11,660683.0,Persons,People in Phase 3 food insecurity or above
Sierra Leone,SLE,2024-11,8.0,Percentage,People in Phase 3 food insecurity or above
Sierra Leone,SLE,2025-03,911605.0,Persons,People in Phase 3 food insecurity or above
Sierra Leone,SLE,2025-03,11.0,Percentage,People in Phase 3 food insecurity or above
Somalia,SOM,2017-01,1644000.0,Persons,People in Phase 3 food insecurity or above
Somalia,SOM,2017-01,14.000000000000002,Percentage,People in Phase 3 food insecurity or above
Somalia,SOM,2017-07,3310000.0,Persons,People in Phase 3 food insecurity or above
Somalia,SOM,2017-07,27.0,Percentage,People in Phase 3 food insecurity or above
Somalia,SOM,2018-01,1646000.0,Persons,People in Phase 3 food insecurity or above
Somalia,SOM,2018-01,13.0,Percentage,People in Phase 3 food insecurity or above
Somalia,SOM,2018-07,1769000.0,Persons,People in Phase 3 food insecurity or above
Somalia,SOM,2018-07,14.000000000000002,Percentage,People in Phase 3 food insecurity or above
Somalia,SOM,2019-01,1137000.0,Persons,People in Phase 3 food insecurity or above
Somalia,SOM,2019-01,9.0,Percentage,People in Phase 3 food insecurity or above
Somalia,SOM,2019-08,1197000.0,Persons,People in Phase 3 food insecurity or above
Somalia,SOM,2019-08,10.0,Percentage,People in Phase 3 food insecurity or above
Somalia,SOM,2020-01,1147000.0,Persons,People in Phase 3 food insecurity or above
Somalia,SOM,2020-01,10.0,Percentage,People in Phase 3 food insecurity or above
Somalia,SOM,2020-09,1281000.0,Persons,People in Phase 3 food insecurity or above
Somalia,SOM,2020-09,10.0,Percentage,People in Phase 3 food insecurity or above
Somalia,SOM,2021-01,1600800.0,Persons,People in Phase 3 food insecurity or above
Somalia,SOM,2021-01,13.0,Percentage,People in Phase 3 food insecurity or above
Somalia,SOM,2021-08,2210620.0,Persons,People in Phase 3 food insecurity or above
Somalia,SOM,2021-08,14.000000000000002,Percentage,People in Phase 3 food insecurity or above
Somalia,SOM,2022-01,2436700.0,Persons,People in Phase 3 food insecurity or above
Somalia,SOM,2022-01,16.0,Percentage,People in Phase 3 food insecurity or above
Somalia,SOM,2022-05,5241620.0,Persons,People in Phase 3 food insecurity or above
Somalia,SOM,2022-05,33.0,Percentage,People in Phase 3 food insecurity or above
Somalia,SOM,2022-08,4272750.0,Persons,People in Phase 3 food insecurity or above
Somalia,SOM,2022-08,26.0,Percentage,People in Phase 3 food insecurity or above
Somalia,SOM,2022-11,5594290.0,Persons,People in Phase 3 food insecurity or above
Somalia,SOM,2022-11,33.0,Percentage,People in Phase 3 food insecurity or above
Somalia,SOM,2024-01,4008110.0,Persons,People in Phase 3 food insecurity or above
Somalia,SOM,2024-01,21.0,Percentage,People in Phase 3 food insecurity or above
Somalia,SOM,2024-08,3579520.0,Persons,People in Phase 3 food insecurity or above
Somalia,SOM,2024-08,19.0,Percentage,People in Phase 3 food insecurity or above
Somalia,SOM,2025-01,3396180.0,Persons,People in Phase 3 food insecurity or above
Somalia,SOM,2025-01,17.0,Percentage,People in Phase 3 food insecurity or above
Somalia,SOM,2025-07,3423255.0,Persons,People in Phase 3 food insecurity or above
Somalia,SOM,2025-07,18.0,Percentage,People in Phase 3 food insecurity or above
South Africa,ZAF,2020-10,9335159.0,Persons,People in Phase 3 food insecurity or above
South Africa,ZAF,2020-10,16.0,Percentage,People in Phase 3 food insecurity or above
South Sudan,SSD,2017-01,3825000.0,Persons,People in Phase 3 food insecurity or above
South Sudan,SSD,2017-01,33.0,Percentage,People in Phase 3 food insecurity or above
South Sudan,SSD,2017-05,5530000.0,Persons,People in Phase 3 food insecurity or above
South Sudan,SSD,2017-05,45.0,Percentage,People in Phase 3 food insecurity or above
South Sudan,SSD,2017-09,6040000.0,Persons,People in Phase 3 food insecurity or above
South Sudan,SSD,2017-09,56.00000000000001,Percentage,People in Phase 3 food insecurity or above
South Sudan,SSD,2018-01,5350000.0,Persons,People in Phase 3 food insecurity or above
South Sudan,SSD,2018-01,48.0,Percentage,People in Phase 3 food insecurity or above
South Sudan,SSD,2018-09,6062000.0,Persons,People in Phase 3 food insecurity or above
South Sudan,SSD,2018-09,57.99999999999999,Percentage,People in Phase 3 food insecurity or above
South Sudan,SSD,2019-01,6170000.0,Persons,People in Phase 3 food insecurity or above
South Sudan,SSD,2019-01,54.0,Percentage,People in Phase 3 food insecurity or above
South Sudan,SSD,2019-08,6350000.0,Persons,People in Phase 3 food insecurity or above
South Sudan,SSD,2019-08,55.00000000000001,Percentage,People in Phase 3 food insecurity or above
South Sudan,SSD,2020-01,5290000.0,Persons,People in Phase 3 food insecurity or above
South Sudan,SSD,2020-01,44.0,Percentage,People in Phase 3 food insecurity or above
South Sudan,SSD,2020-10,6301000.0,Persons,People in Phase 3 food insecurity or above
South Sudan,SSD,2020-10,53.0,Percentage,People in Phase 3 food insecurity or above
South Sudan,SSD,2022-03,6831000.0,Persons,People in Phase 3 food insecurity or above
South Sudan,SSD,2022-03,55.00000000000001,Percentage,People in Phase 3 food insecurity or above
South Sudan,SSD,2022-10,6635000.0,Persons,People in Phase 3 food insecurity or above
South Sudan,SSD,2022-10,54.0,Percentage,People in Phase 3 food insecurity or above
South Sudan,SSD,2023-09,5828000.0,Persons,People in Phase 3 food insecurity or above
South Sudan,SSD,2023-09,46.0,Percentage,People in Phase 3 food insecurity or above
South Sudan,SSD,2024-09,6312000.0,Persons,People in Phase 3 food insecurity or above
South Sudan,SSD,2024-09,47.0,Percentage,People in Phase 3 food insecurity or above
South Sudan,SSD,2025-09,5972144.0,Persons,People in Phase 3 food insecurity or above
South Sudan,SSD,2025-09,42.0,Percentage,People in Phase 3 food insecurity or above
Sudan,SDN,2019-06,5852810.0,Persons,People in Phase 3 food insecurity or above
Sudan,SDN,2019-06,13.0,Percentage,People in Phase 3 food insecurity or above
Sudan,SDN,2020-06,9578685.0,Persons,People in Phase 3 food insecurity or above
Sudan,SDN,2020-06,21.0,Percentage,People in Phase 3 food insecurity or above
Sudan,SDN,2021-03,7298273.0,Persons,People in Phase 3 food insecurity or above
Sudan,SDN,2021-03,16.0,Percentage,People in Phase 3 food insecurity or above
Sudan,SDN,2022-05,9648034.0,Persons,People in Phase 3 food insecurity or above
Sudan,SDN,2022-05,20.0,Percentage,People in Phase 3 food insecurity or above
Sudan,SDN,2023-06,16915999.0,Persons,People in Phase 3 food insecurity or above
Sudan,SDN,2023-06,35.0,Percentage,People in Phase 3 food insecurity or above
Sudan,SDN,2024-04,21311946.0,Persons,People in Phase 3 food insecurity or above
Sudan,SDN,2024-04,45.0,Percentage,People in Phase 3 food insecurity or above
Sudan,SDN,2025-09,21241056.0,Persons,People in Phase 3 food insecurity or above
Sudan,SDN,2025-09,45.0,Percentage,People in Phase 3 food insecurity or above
Tanzania,TZA,2017-07,119069.0,Persons,People in Phase 3 food insecurity or above
Tanzania,TZA,2017-07,14.000000000000002,Percentage,People in Phase 3 food insecurity or above
Tanzania,TZA,2019-11,985278.0,Persons,People in Phase 3 food insecurity or above
Tanzania,TZA,2019-11,20.0,Percentage,People in Phase 3 food insecurity or above
Tanzania,TZA,2021-12,437243.0,Persons,People in Phase 3 food insecurity or above
Tanzania,TZA,2021-12,13.0,Percentage,People in Phase 3 food insecurity or above
Tanzania,TZA,2022-10,1110784.0,Persons,People in Phase 3 food insecurity or above
Tanzania,TZA,2022-10,10.0,Percentage,People in Phase 3 food insecurity or above
Tanzania,TZA,2023-11,900001.0,Persons,People in Phase 3 food insecurity or above
Tanzania,TZA,2023-11,13.0,Percentage,People in Phase 3 food insecurity or above
Tanzania,TZA,2025-03,466225.0,Persons,People in Phase 3 food insecurity or above
Tanzania,TZA,2025-03,10.0,Percentage,People in Phase 3 food insecurity or above
Timor-Leste,TLS,2022-11,299521.0,Persons,People in Phase 3 food insecurity or above
Timor-Leste,TLS,2022-11,22.0,Percentage,People in Phase 3 food insecurity or above
Timor-Leste,TLS,2023-11,360097.0,Persons,People in Phase 3 food insecurity or above
Timor-Leste,TLS,2023-11,27.0,Percentage,People in Phase 3 food insecurity or above
Togo,TGO,2020-10,62599.0,Persons,People in Phase 3 food insecurity or above
Togo,TGO,2020-10,1.0,Percentage,People in Phase 3 food insecurity or above
Togo,TGO,2021-03,237934.0,Persons,People in Phase 3 food insecurity or above
Togo,TGO,2021-03,4.0,Percentage,People in Phase 3 food insecurity or above
Togo,TGO,2021-11,411101.0,Persons,People in Phase 3 food insecurity or above
Togo,TGO,2021-11,7.000000000000001,Percentage,People in Phase 3 food insecurity or above
Togo,TGO,2022-03,336548.0,Persons,People in Phase 3 food insecurity or above
Togo,TGO,2022-03,6.0,Percentage,People in Phase 3 food insecurity or above
Togo,TGO,2022-10,568661.0,Persons,People in Phase 3 food insecurity or above
Togo,TGO,2022-10,10.0,Percentage,People in Phase 3 food insecurity or above
Togo,TGO,2023-11,381100.0,Persons,People in Phase 3 food insecurity or above
Togo,TGO,2023-11,6.0,Percentage,People in Phase 3 food insecurity or above
Togo,TGO,2024-03,349872.0,Persons,People in Phase 3 food insecurity or above
Togo,TGO,2024-03,6.0,Percentage,People in Phase 3 food insecurity or above
Togo,TGO,2024-11,621723.0,Persons,People in Phase 3 food insecurity or above
Togo,TGO,2024-11,10.0,Percentage,People in Phase 3 food insecurity or above
Uganda,UGA,2017-01,1600667.0,Persons,People in Phase 3 food insecurity or above
Uganda,UGA,2017-01,5.0,Percentage,People in Phase 3 food insecurity or above
Uganda,UGA,2017-11,440821.0,Persons,People in Phase 3 food insecurity or above
Uganda,UGA,2017-11,1.0,Percentage,People in Phase 3 food insecurity or above
Uganda,UGA,2018-10,277265.0,Persons,People in Phase 3 food insecurity or above
Uganda,UGA,2018-10,11.0,Percentage,People in Phase 3 food insecurity or above
Uganda,UGA,2020-06,2602848.0,Persons,People in Phase 3 food insecurity or above
Uganda,UGA,2020-06,23.0,Percentage,People in Phase 3 food insecurity or above
Uganda,UGA,2021-04,360910.0,Persons,People in Phase 3 food insecurity or above
Uganda,UGA,2021-04,30.0,Percentage,People in Phase 3 food insecurity or above
Uganda,UGA,2022-04,517850.0,Persons,People in Phase 3 food insecurity or above
Uganda,UGA,2022-04,41.0,Percentage,People in Phase 3 food insecurity or above
Uganda,UGA,2022-10,1796780.0,Persons,People in Phase 3 food insecurity or above
Uganda,UGA,2022-10,24.0,Percentage,People in Phase 3 food insecurity or above
Uganda,UGA,2023-05,581975.0,Persons,People in Phase 3 food insecurity or above
Uganda,UGA,2023-05,45.0,Percentage,People in Phase 3 food insecurity or above
Uganda,UGA,2023-09,845865.0,Persons,People in Phase 3 food insecurity or above
Uganda,UGA,2023-09,19.0,Percentage,People in Phase 3 food insecurity or above
Uganda,UGA,2024-04,600110.0,Persons,People in Phase 3 food insecurity or above
Uganda,UGA,2024-04,45.0,Percentage,People in Phase 3 food insecurity or above
Uganda,UGA,2024-10,796902.0,Persons,People in Phase 3 food insecurity or above
Uganda,UGA,2024-10,17.0,Percentage,People in Phase 3 food insecurity or above
Uganda,UGA,2025-06,2462038.0,Persons,People in Phase 3 food insecurity or above
Uganda,UGA,2025-06,16.0,Percentage,People in Phase 3 food insecurity or above
Uganda,UGA,2025-07,919840.0,Persons,People in Phase 3 food insecurity or above
Uganda,UGA,2025-07,48.0,Percentage,People in Phase 3 food insecurity or above
West Bank and Gaza,PSE,2023-12,2082400.0,Persons,People in Phase 3 food insecurity or above
West Bank and Gaza,PSE,2023-12,93.0,Percentage,People in Phase 3 food insecurity or above
West Bank and Gaza,PSE,2024-02,2130217.0,Persons,People in Phase 3 food insecurity or above
West Bank and Gaza,PSE,2024-02,95.0,Percentage,People in Phase 3 food insecurity or above
West Bank and Gaza,PSE,2024-05,2133884.0,Persons,People in Phase 3 food insecurity or above
West Bank and Gaza,PSE,2024-05,95.0,Percentage,People in Phase 3 food insecurity or above
West Bank and Gaza,PSE,2024-09,1841061.0,Persons,People in Phase 3 food insecurity or above
West Bank and Gaza,PSE,2024-09,86.0,Percentage,People in Phase 3 food insecurity or above
West Bank and Gaza,PSE,2025-04,1944000.0,Persons,People in Phase 3 food insecurity or above
West Bank and Gaza,PSE,2025-04,93.0,Percentage,People in Phase 3 food insecurity or above
West Bank and Gaza,PSE,2025-07,1979219.0,Persons,People in Phase 3 food insecurity or above
West Bank and Gaza,PSE,2025-07,100.0,Percentage,People in Phase 3 food insecurity or above
West Bank and Gaza,PSE,2025-11,1600655.0,Persons,People in Phase 3 food insecurity or above
West Bank and Gaza,PSE,2025-11,77.0,Percentage,People in Phase 3 food insecurity or above
"Yemen, Rep.",YEM,2018-12,15900000.0,Persons,People in Phase 3 food insecurity or above
"Yemen, Rep.",YEM,2018-12,53.0,Percentage,People in Phase 3 food insecurity or above
"Yemen, Rep.",YEM,2019-06,1246500.0,Persons,People in Phase 3 food insecurity or above
"Yemen, Rep.",YEM,2019-06,52.0,Percentage,People in Phase 3 food insecurity or above
"Yemen, Rep.",YEM,2020-06,2008080.0,Persons,People in Phase 3 food insecurity or above
"Yemen, Rep.",YEM,2020-06,25.0,Percentage,People in Phase 3 food insecurity or above
"Yemen, Rep.",YEM,2020-11,13479500.0,Persons,People in Phase 3 food insecurity or above
"Yemen, Rep.",YEM,2020-11,45.0,Percentage,People in Phase 3 food insecurity or above
"Yemen, Rep.",YEM,2022-02,17368939.0,Persons,People in Phase 3 food insecurity or above
"Yemen, Rep.",YEM,2022-02,55.00000000000001,Percentage,People in Phase 3 food insecurity or above
"Yemen, Rep.",YEM,2023-03,3234000.0,Persons,People in Phase 3 food insecurity or above
"Yemen, Rep.",YEM,2023-03,34.0,Percentage,People in Phase 3 food insecurity or above
"Yemen, Rep.",YEM,2024-08,4647925.0,Persons,People in Phase 3 food insecurity or above
"Yemen, Rep.",YEM,2024-08,46.0,Percentage,People in Phase 3 food insecurity or above
"Yemen, Rep.",YEM,2025-06,17145484.0,Persons,People in Phase 3 food insecurity or above
"Yemen, Rep.",YEM,2025-06,49.0,Percentage,People in Phase 3 food insecurity or above
Zambia,ZMB,2018-06,913166.0,Persons,People in Phase 3 food insecurity or above
Zambia,ZMB,2018-06,13.0,Percentage,People in Phase 3 food insecurity or above
Zambia,ZMB,2019-05,1657255.0,Persons,People in Phase 3 food insecurity or above
Zambia,ZMB,2019-05,18.0,Percentage,People in Phase 3 food insecurity or above
Zambia,ZMB,2020-07,1423026.0,Persons,People in Phase 3 food insecurity or above
Zambia,ZMB,2020-07,22.0,Percentage,People in Phase 3 food insecurity or above
Zambia,ZMB,2021-06,1175104.0,Persons,People in Phase 3 food insecurity or above
Zambia,ZMB,2021-06,10.0,Percentage,People in Phase 3 food insecurity or above
Zambia,ZMB,2022-06,1351647.0,Persons,People in Phase 3 food insecurity or above
Zambia,ZMB,2022-06,10.0,Percentage,People in Phase 3 food insecurity or above
Zambia,ZMB,2023-09,1589926.0,Persons,People in Phase 3 food insecurity or above
Zambia,ZMB,2023-09,17.0,Percentage,People in Phase 3 food insecurity or above
Zambia,ZMB,2024-07,4951455.0,Persons,People in Phase 3 food insecurity or above
Zambia,ZMB,2024-07,29.0,Percentage,People in Phase 3 food insecurity or above
Zambia,ZMB,2025-08,1203693.0,Persons,People in Phase 3 food insecurity or above
Zambia,ZMB,2025-08,12.0,Percentage,People in Phase 3 food insecurity or above
Zimbabwe,ZWE,2019-02,2879000.0,Persons,People in Phase 3 food insecurity or above
Zimbabwe,ZWE,2019-02,30.0,Percentage,People in Phase 3 food insecurity or above
Zimbabwe,ZWE,2019-06,2294605.0,Persons,People in Phase 3 food insecurity or above
Zimbabwe,ZWE,2019-06,25.0,Percentage,People in Phase 3 food insecurity or above
Zimbabwe,ZWE,2020-02,4341420.0,Persons,People in Phase 3 food insecurity or above
Zimbabwe,ZWE,2020-02,45.0,Percentage,People in Phase 3 food insecurity or above
Zimbabwe,ZWE,2020-10,2605477.0,Persons,People in Phase 3 food insecurity or above
Zimbabwe,ZWE,2020-10,27.0,Percentage,People in Phase 3 food insecurity or above
